timestamp,employee_id,model_version,prediction_probability,risk_level
2026-08-29 17:28:39,N/A,v1,0.0029,Low
2026-08-29 17:29:31,N/A,v1,0.0009,Low
2026-08-29 17:29:31,N/A,v1,0.9975,High
2026-08-29 17:29:48,N/A,v1,0.0009,Low
2026-08-29 17:29:48,N/A,v1,0.9975,High
2026-08-29 17:31:26,N/A,v1,0.0009,Low
2026-08-29 17:31:26,N/A,v1,0.9975,High
2026-08-29 18:43:54,N/A,v1,0.0009,Low
2026-08-29 18:43:54,N/A,v1,0.9975,High
2026-08-29 18:53:41,N/A,v1,0.0007,Low
2026-08-29 18:53:42,N/A,v1,0.0009,Low
2026-08-29 18:53:42,N/A,v1,0.9975,High
2026-08-29 18:53:46,N/A,v1,0.001,Low
2026-08-29 18:53:46,N/A,v1,0.0013,Low
2026-08-29 18:53:46,N/A,v1,0.9975,High
2026-08-29 18:53:46,N/A,v1,0.0007,Low
2026-08-29 18:53:46,N/A,v1,0.0037,Low
2026-08-29 19:09:17,N/A,v1,0.0007,Low
2026-08-29 19:09:17,N/A,v1,0.0009,Low
2026-08-29 19:09:17,N/A,v1,0.9975,High
2026-08-29 19:09:20,N/A,v1,0.001,Low
2026-08-29 19:09:21,N/A,v1,0.0013,Low
2026-08-29 19:09:21,N/A,v1,0.9975,High
2026-08-29 19:09:21,N/A,v1,0.0007,Low
2026-08-29 19:09:21,N/A,v1,0.0037,Low
2026-08-29 19:17:56,N/A,v1,0.0007,Low
2026-08-29 19:17:56,N/A,v1,0.0009,Low
2026-08-29 19:17:56,N/A,v1,0.9975,High
2026-08-29 19:17:58,N/A,v1,0.001,Low
2026-08-29 19:17:58,N/A,v1,0.0013,Low
2026-08-29 19:17:58,N/A,v1,0.9975,High
2026-08-29 19:17:58,N/A,v1,0.0007,Low
2026-08-29 19:17:58,N/A,v1,0.0037,Low
2026-08-29 19:28:00,N/A,v1,0.0007,Low
2026-08-29 19:28:00,N/A,v1,0.0009,Low
2026-08-29 19:28:00,N/A,v1,0.9975,High
2026-08-29 19:28:05,N/A,v1,0.001,Low
2026-08-29 19:28:05,N/A,v1,0.0013,Low
2026-08-29 19:28:05,N/A,v1,0.9975,High
2026-08-29 19:28:05,N/A,v1,0.0007,Low
2026-08-29 19:28:05,N/A,v1,0.0037,Low
2026-08-29 19:33:49,N/A,v1,0.0007,Low
2026-08-29 19:35:51,N/A,v1,0.0007,Low
2026-08-29 20:10:26,N/A,v1,0.0002,Low
2026-08-29 20:10:26,N/A,v1,0.0009,Low
2026-08-29 20:10:26,N/A,v1,0.9974,High
2026-08-29 20:10:28,N/A,v1,0.0061,Low
2026-08-29 20:10:28,N/A,v1,0.0007,Low
2026-08-29 20:10:28,N/A,v1,0.9968,High
2026-08-29 20:10:28,N/A,v1,0.0036,Low
2026-08-29 20:10:29,N/A,v1,0.3518,Medium
2026-08-29 20:23:21,N/A,v1,0.0275,Low
2026-08-29 20:23:21,N/A,v1,0.0423,Low
2026-08-29 20:23:21,N/A,v1,0.9266,High
2026-08-29 20:23:23,N/A,v1,0.0085,Low
2026-08-29 20:23:23,N/A,v1,0.1049,Low
2026-08-29 20:23:23,N/A,v1,0.9631,High
2026-08-29 20:23:23,N/A,v1,0.0081,Low
2026-08-29 20:23:23,N/A,v1,0.6235,Medium
2026-08-29 20:24:13,N/A,v1,0.0275,Low
2026-08-29 20:24:13,N/A,v1,0.0423,Low
2026-08-29 20:24:13,N/A,v1,0.9266,High
2026-08-29 20:24:16,N/A,v1,0.0085,Low
2026-08-29 20:24:16,N/A,v1,0.1049,Low
2026-08-29 20:24:16,N/A,v1,0.9631,High
2026-08-29 20:24:16,N/A,v1,0.0081,Low
2026-08-29 20:24:16,N/A,v1,0.6235,Medium
2026-08-29 20:29:49,N/A,v1,0.0734,Low
